IP,Info
193.177.182.119,Security vulnerability exploitation attempt
205.210.31.55:55811,Security vulnerability exploitation attempt
205.210.31.217:51113,Security vulnerability exploitation attempt
159.203.44.105:48531,Security vulnerability exploitation attempt
205.210.31.242:49780,Security vulnerability exploitation attempt
198.235.24.76:56459,Security vulnerability exploitation attempt
114.34.181.97:50808,Security vulnerability exploitation attempt
66.240.236.116:55456,Security vulnerability exploitation attempt
185.166.25.190:65407,Security vulnerability exploitation attempt
66.240.236.116:35416,Security vulnerability exploitation attempt
138.68.153.47:51040,Security vulnerability exploitation attempt
149.50.106.170:54634,Security vulnerability exploitation attempt
141.98.10.24:43075,Security vulnerability exploitation attempt
66.240.236.109:52149,Security vulnerability exploitation attempt
95.214.27.253:38403,Security vulnerability exploitation attempt
149.50.106.170:58327,Security vulnerability exploitation attempt
69.164.219.126:54798,Security vulnerability exploitation attempt
190.211.255.106:37133,Security vulnerability exploitation attempt
80.82.70.133:60000,Security vulnerability exploitation attempt
198.235.24.170:49998,Security vulnerability exploitation attempt
45.227.254.8:49076,Security vulnerability exploitation attempt
190.211.255.106:44719,Security vulnerability exploitation attempt
205.210.31.182:52649,Security vulnerability exploitation attempt
205.210.31.173:50077,Security vulnerability exploitation attempt
149.50.106.170:52097,Security vulnerability exploitation attempt
198.235.24.246:49686,Security vulnerability exploitation attempt
205.210.31.205:56275,Security vulnerability exploitation attempt
149.50.106.170:48065,Security vulnerability exploitation attempt
205.210.31.41:52735,Security vulnerability exploitation attempt
194.50.16.221:55803,Security vulnerability exploitation attempt
198.235.24.69:53321,Security vulnerability exploitation attempt
205.210.31.225:52879,Security vulnerability exploitation attempt
198.235.24.52:52722,Security vulnerability exploitation attempt
